{"stat.crouchOneCm":2533,"stat.useItem.minecraft.stone_brick_stairs":20,"stat.useItem.minecraft.cobblestone":17,"achievement.exploreAllBiomes":{"value":0,"progress":["Extreme Hills+","Extreme Hills","Birch Forest","River"]},"stat.useItem.minecraft.log":196,"stat.useItem.minecraft.netherrack":33,"stat.useItem.minecraft.redstone_block":5,"stat.useItem.minecraft.wooden_door":4,"stat.useItem.minecraft.dark_oak_stairs":10,"achievement.openInventory":210,"stat.useItem.minecraft.fence":120,"stat.useItem.minecraft.brick_block":7,"stat.useItem.minecraft.brewing_stand":2,"stat.useItem.minecraft.snow_layer":15,"stat.useItem.minecraft.planks":2507,"stat.talkedToVillager":3,"stat.fallOneCm":12870,"stat.flyOneCm":2565402,"stat.useItem.minecraft.stonebrick":10,"stat.useItem.minecraft.stone":291,"stat.damageTaken":200,"stat.useItem.minecraft.flower_pot":11,"stat.useItem.minecraft.milk_bucket":8,"stat.useItem.minecraft.redstone_lamp":10,"stat.climbOneCm":304,"stat.useItem.minecraft.potion":28,"stat.useItem.minecraft.oak_stairs":51,"stat.drop":261,"stat.timeSinceDeath":27391,"stat.useItem.minecraft.hopper":2,"stat.leaveGame":15,"stat.useItem.minecraft.egg":1,"stat.useItem.minecraft.glowstone":40,"stat.useItem.minecraft.glass":63,"stat.playOneMinute":393816,"stat.useItem.minecraft.painting":700,"stat.useItem.minecraft.wool":22,"stat.useItem.minecraft.tripwire_hook":2,"stat.useItem.minecraft.stone_slab":60,"stat.deaths":1,"stat.useItem.minecraft.wooden_slab":94,"stat.swimOneCm":2778,"stat.walkOneCm":1864061,"stat.useItem.minecraft.sign":2,"stat.useItem.minecraft.birch_stairs":60,"stat.useItem.minecraft.bookshelf":26,"stat.useItem.minecraft.carpet":221,"stat.jump":3756,"stat.entityKilledBy.Zombie":1,"stat.useItem.minecraft.spawn_egg":1156,"stat.useItem.minecraft.daylight_detector":1,"stat.sprintOneCm":750886}