{"stat.useItem.minecraft.anvil":15,"stat.useItem.minecraft.chest":472,"stat.useItem.minecraft.nether_brick_stairs":3,"stat.useItem.minecraft.iron_bars":229,"stat.useItem.minecraft.stone_brick_stairs":468,"stat.useItem.minecraft.web":7,"stat.useItem.minecraft.cobblestone":1738,"stat.useItem.minecraft.stone_button":39,"stat.useItem.minecraft.netherrack":33,"stat.useItem.minecraft.quartz_block":12,"stat.useItem.minecraft.command_block":708,"stat.useItem.minecraft.wooden_door":31,"stat.useItem.minecraft.stained_glass":17,"stat.useItem.minecraft.minecart":2,"stat.useItem.minecraft.dark_oak_stairs":68,"achievement.openInventory":1714,"stat.damageDealt":17220,"stat.useItem.minecraft.fence":63,"stat.useItem.minecraft.item_frame":39,"stat.useItem.minecraft.brick_block":19,"stat.useItem.minecraft.iron_block":123,"stat.useItem.minecraft.brewing_stand":3,"stat.useItem.minecraft.spruce_fence":7,"stat.killEntity.Cow":1,"stat.crouchOneCm":286449,"stat.useItem.minecraft.sticky_piston":43,"stat.useItem.minecraft.acacia_door":1,"achievement.exploreAllBiomes":{"value":0,"progress":["Forest","Extreme Hills+","Taiga","Extreme Hills","Birch Forest","Plains","Roofed Forest","Swampland","River","Birch Forest Hills"]},"stat.useItem.minecraft.log":5397,"stat.useItem.minecraft.tnt":54,"stat.useItem.minecraft.bedrock":1,"stat.useItem.minecraft.redstone_block":257,"stat.useItem.minecraft.spruce_door":1,"stat.useItem.minecraft.obsidian":7,"stat.useItem.minecraft.planks":932,"stat.talkedToVillager":7,"stat.useItem.minecraft.quartz_stairs":4,"stat.fallOneCm":2146,"stat.flyOneCm":10766131,"stat.useItem.minecraft.writable_book":10,"stat.useItem.minecraft.jungle_stairs":25,"stat.damageTaken":856,"stat.useItem.minecraft.torch":108,"stat.useItem.minecraft.milk_bucket":2,"stat.useItem.minecraft.bed":10,"stat.useItem.minecraft.stone_pickaxe":3,"stat.useItem.minecraft.dispenser":17,"stat.useItem.minecraft.diamond_sword":195,"stat.useItem.minecraft.wooden_pressure_plate":2,"stat.useItem.minecraft.sponge":1,"stat.useItem.minecraft.oak_stairs":190,"stat.killEntity.Chicken":4,"stat.useItem.minecraft.dropper":2,"stat.useItem.minecraft.skull":27,"stat.useItem.minecraft.stonebrick":2113,"stat.useItem.minecraft.dye":422,"stat.useItem.minecraft.stone":7772,"stat.useItem.minecraft.furnace":15,"stat.breakItem.minecraft.stone_pickaxe":3,"stat.useItem.minecraft.birch_door":2,"stat.useItem.minecraft.trapped_chest":4,"stat.useItem.minecraft.rail":1,"stat.useItem.minecraft.ladder":26,"stat.useItem.minecraft.log2":163,"stat.useItem.minecraft.redstone_lamp":35,"stat.useItem.minecraft.flint_and_steel":18,"stat.climbOneCm":22755,"stat.useItem.minecraft.jungle_door":2,"stat.useItem.minecraft.redstone":911,"stat.useItem.minecraft.potion":28,"stat.useItem.minecraft.sapling":51,"stat.drop":86,"stat.useItem.minecraft.brick_stairs":15,"stat.useItem.minecraft.diamond_block":12,"stat.useItem.minecraft.repeater":307,"stat.useItem.minecraft.stone_pressure_plate":10,"stat.useItem.minecraft.comparator":134,"stat.useItem.minecraft.glowstone":84,"achievement.mineWood":1,"stat.useItem.minecraft.spruce_stairs":11,"stat.useItem.minecraft.stone_slab":177,"stat.useItem.minecraft.barrier":187,"stat.useItem.minecraft.lapis_block":1,"stat.useItem.minecraft.crafting_table":4,"stat.playOneMinute":3261447,"stat.useItem.minecraft.redstone_torch":561,"stat.killEntity.Rabbit":561,"stat.useItem.minecraft.birch_fence":1,"stat.useItem.minecraft.hopper":81,"stat.leaveGame":105,"stat.diveOneCm":22198,"stat.useItem.minecraft.lever":34,"stat.useItem.minecraft.glass":94,"stat.killEntity.Villager":7,"stat.timeSinceDeath":969076,"stat.useItem.minecraft.iron_trapdoor":45,"stat.useItem.minecraft.gravel":6,"stat.mineBlock.minecraft.mossy_cobblestone":1,"stat.useItem.minecraft.painting":404,"stat.useItem.minecraft.wool":255,"stat.useItem.minecraft.nether_brick":6,"stat.useItem.minecraft.tripwire_hook":2,"stat.useItem.minecraft.mossy_cobblestone":36,"stat.useItem.minecraft.acacia_stairs":4,"stat.useItem.minecraft.pumpkin":3,"stat.entityKilledBy.Skeleton":1,"stat.swimOneCm":332869,"stat.useItem.minecraft.sandstone_stairs":36,"stat.useItem.minecraft.dark_oak_door":1,"stat.killEntity.Skeleton":18,"stat.walkOneCm":14290107,"stat.useItem.minecraft.redstone_ore":1,"stat.useItem.minecraft.iron_door":86,"stat.useItem.minecraft.carpet":604,"stat.jump":17852,"stat.useItem.minecraft.wooden_button":60,"stat.useItem.minecraft.beacon":2,"stat.useItem.minecraft.daylight_detector":1,"stat.useItem.minecraft.iron_sword":1,"stat.useItem.minecraft.cobblestone_wall":49,"stat.useItem.minecraft.coal_block":1,"stat.useItem.minecraft.written_book":7,"stat.deaths":1,"stat.useItem.minecraft.wooden_slab":137,"stat.mobKills":629,"stat.mineBlock.minecraft.stone":2,"stat.useItem.minecraft.stone_stairs":303,"stat.useItem.minecraft.string":27,"stat.killEntity.Zombie":36,"stat.useItem.minecraft.sign":321,"stat.minecartOneCm":15259,"stat.useItem.minecraft.birch_stairs":68,"stat.useItem.minecraft.bookshelf":57,"stat.useItem.minecraft.armor_stand":5,"stat.useItem.minecraft.cauldron":20,"stat.useItem.minecraft.piston":1,"stat.useItem.minecraft.detector_rail":1,"stat.useItem.minecraft.spawn_egg":76,"stat.useItem.minecraft.trapdoor":2,"stat.sprintOneCm":4141037,"stat.useItem.minecraft.dirt":608}