{"stat.useItem.143":1,"stat.useItem.17":80,"stat.useItem.324":7,"stat.useItem.323":4,"stat.useItem.85":4,"achievement.openInventory":39,"stat.jump":255,"achievement.exploreAllBiomes":{"value":0,"progress":["Extreme Hills"]},"stat.mobKills":7,"stat.useItem.1":54,"stat.killEntity.Cow":1,"stat.useItem.3":8,"stat.useItem.4":131,"stat.useItem.5":15,"stat.killEntity.Chicken":3,"stat.useItem.54":2,"stat.useItem.383":5,"stat.useItem.50":6,"stat.useItem.76":24,"stat.useItem.109":10,"stat.useItem.389":2,"stat.useItem.171":48,"stat.damageDealt":850,"stat.useItem.126":23,"stat.drop":2,"stat.flyOneCm":102383,"stat.useItem.134":6,"stat.useItem.137":4,"stat.killEntity.Sheep":1,"stat.useItem.98":78,"stat.useItem.331":3,"stat.useItem.355":5,"stat.killEntity.Pig":2,"stat.useItem.276":10,"stat.diveOneCm":238,"stat.swimOneCm":513,"stat.walkOneCm":378605,"stat.useItem.44":2,"stat.useItem.67":7,"stat.playOneMinute":57303}