{"stat.useItem.7":5,"stat.useItem.148":1,"stat.useItem.147":2,"achievement.openInventory":638,"stat.useItem.145":11,"stat.jump":1888,"achievement.exploreAllBiomes":{"value":0,"progress":["Deep Ocean","Ocean"]},"stat.killEntity.Skeleton":28,"stat.useItem.1":346,"stat.killEntity.Ghast":1,"stat.useItem.3":13,"stat.minecartOneCm":117457,"stat.useItem.4":604,"stat.useItem.5":148,"stat.useItem.54":42,"stat.useItem.53":6,"stat.climbOneCm":32387,"stat.useItem.50":231,"stat.entityKilledBy.Skeleton":7,"stat.killEntity.Villager":18,"stat.useItem.134":9,"stat.useItem.137":82,"stat.useItem.139":399,"stat.useItem.330":49,"stat.useItem.331":131,"stat.useItem.279":1,"stat.useItem.48":54,"stat.useItem.46":11,"stat.diveOneCm":135478,"stat.useItem.276":255,"stat.useItem.44":883,"stat.killEntity.Silverfish":3,"stat.mineBlock.30":12,"stat.useItem.267":2,"stat.useItem.72":2,"stat.deaths":9,"stat.useItem.76":28,"stat.useItem.272":12,"stat.useItem.77":11,"stat.useItem.171":13,"stat.useItem.70":36,"stat.useItem.259":1,"stat.useItem.159":26,"stat.useItem.356":84,"stat.useItem.69":9,"stat.useItem.61":2,"stat.useItem.67":56,"stat.useItem.66":242,"stat.useItem.65":63,"stat.useItem.160":33,"stat.useItem.18":54,"stat.useItem.17":11,"stat.fallOneCm":15257,"stat.useItem.13":69,"stat.damageTaken":-2147421569,"stat.useItem.390":6,"stat.useItem.106":60,"stat.useItem.383":34,"stat.useItem.109":127,"stat.useItem.389":15,"stat.damageDealt":21645,"stat.useItem.12":204,"stat.useItem.101":136,"stat.useItem.102":12,"stat.drop":11,"stat.useItem.380":2,"stat.walkOneCm":4088689,"stat.swimOneCm":53703,"stat.killEntity.EntityHorse":13,"stat.horseOneCm":237059,"stat.useItem.35":48,"stat.useItem.324":23,"stat.useItem.85":533,"stat.useItem.323":90,"stat.killEntity.CaveSpider":7,"stat.useItem.87":1,"stat.useItem.89":9,"stat.mobKills":77,"stat.useItem.328":34,"stat.killEntity.Chicken":3,"stat.useItem.128":4,"stat.useItem.129":2,"stat.useItem.30":187,"stat.useItem.126":518,"stat.useItem.31":27,"stat.useItem.32":147,"stat.useItem.33":8,"stat.useItem.27":36,"stat.useItem.95":31,"stat.useItem.96":7,"stat.useItem.24":895,"stat.flyOneCm":5620895,"stat.useItem.29":2,"stat.useItem.97":12,"stat.useItem.98":2917,"stat.useItem.112":14,"stat.useItem.113":2,"stat.playOneMinute":1025260,"stat.useItem.20":4}