{"stat.drop":1,"stat.craftItem.274":1,"stat.entityKilledBy.CaveSpider":1,"stat.fallOneCm":2254,"stat.flyOneCm":8110,"achievement.openInventory":4,"stat.leaveGame":6,"stat.jump":161,"achievement.exploreAllBiomes":{"value":0,"progress":["Ocean"]},"stat.mobKills":2,"stat.useItem.274":1,"stat.damageTaken":1435,"stat.diveOneCm":23345,"stat.swimOneCm":17672,"stat.walkOneCm":121239,"stat.deaths":2,"stat.climbOneCm":1751,"stat.useItem.272":5,"stat.mineBlock.101":1,"stat.useItem.77":1,"stat.playOneMinute":28152,"stat.damageDealt":490,"stat.breakItem.274":1,"stat.killEntity.Spider":1}